asset_id,asset_type,source_file,runtime_file,source,tool_or_model,prompt,seed_or_parameters,created_date,rights_or_license,sha256,notes
sfx.tap,SFX,assets-src/audio/original/tap.wav,app/assets/audio/tap.wav,project-generated,Python standard library; tool/generate_audio_sfx.py,不适用（程序合成）,seed=2026092801; duration=0.075s; 44100Hz; mono; PCM16; target_peak=0.55; wood modal resonances + short filtered-noise transient,2026-09-28,项目自制合成；无第三方采样；未另发许可证,9faaec822b02f8dbf3e3bf18ad04ac4216ff20fdbb90d148313a63b1bb426b21,原件与运行时副本哈希一致
sfx.add,SFX,assets-src/audio/original/add.wav,app/assets/audio/add.wav,project-generated,Python standard library; tool/generate_audio_sfx.py,不适用（程序合成）,seed=2026092802; duration=0.290s; 44100Hz; mono; PCM16; target_peak=0.55; two ascending marimba-like notes,2026-09-28,项目自制合成；无第三方采样；未另发许可证,f8b079d1753750e49f9b41e72bba6520decb704be2fedbcec20f434dd8306bba,原件与运行时副本哈希一致
sfx.complete,SFX,assets-src/audio/original/complete.wav,app/assets/audio/complete.wav,project-generated,Python standard library; tool/generate_audio_sfx.py,不适用（程序合成）,seed=2026092803; duration=0.550s; 44100Hz; mono; PCM16; target_peak=0.55; three ascending notes + soft airy transient,2026-09-28,项目自制合成；无第三方采样；未另发许可证,94a2cb86990ddd3dd4357f60aedef9a35fc9ed7eb5224b969eb48d28c8b52a20,原件与运行时副本哈希一致
sfx.capture,SFX,assets-src/audio/original/capture.wav,app/assets/audio/capture.wav,project-generated,Python standard library; tool/generate_audio_sfx.py,不适用（程序合成）,seed=2026092804; duration=0.740s; 44100Hz; mono; PCM16; target_peak=0.55; four-note major arpeggio + sparkle noise,2026-09-28,项目自制合成；无第三方采样；未另发许可证,aaeb3b677c3c76c54a51e05458355820e6529e6badeee6aa7b08b9d270e84f0d,原件与运行时副本哈希一致
sfx.evolve,SFX,assets-src/audio/original/evolve.wav,app/assets/audio/evolve.wav,project-generated,Python standard library; tool/generate_audio_sfx.py,不适用（程序合成）,seed=2026092805; duration=0.960s; 44100Hz; mono; PCM16; target_peak=0.55; five rising notes + rising filtered-noise sweep,2026-09-28,项目自制合成；无第三方采样；未另发许可证,49f61261cf6b84202b301b8002628f1fe02b6733ba7c052d60b1368c188f55d4,原件与运行时副本哈希一致
sfx.light,SFX,assets-src/audio/original/light.wav,app/assets/audio/light.wav,project-generated,Python standard library; tool/generate_audio_sfx.py,不适用（程序合成）,seed=2026092806; duration=0.510s; 44100Hz; mono; PCM16; target_peak=0.55; three high bell-like ascending notes + subtle sparkle,2026-09-28,项目自制合成；无第三方采样；未另发许可证,ff90c6a130569114941987365a13913676f734b5a59468f70d2d81719e14c20c,原件与运行时副本哈希一致
sfx.loot,SFX,assets-src/audio/original/loot.wav,app/assets/audio/loot.wav,project-generated,Python standard library; tool/generate_audio_sfx.py,不适用（程序合成）,seed=2026092807; duration=0.390s; 44100Hz; mono; PCM16; target_peak=0.55; two soft metallic partial stacks + transient noise,2026-09-28,项目自制合成；无第三方采样；未另发许可证,199824dc88659b7520ff308e201f9e7ff13f84bef14f891cee8101dc14d566db,原件与运行时副本哈希一致
sfx.levelup,SFX,assets-src/audio/original/levelup.wav,app/assets/audio/levelup.wav,project-generated,Python standard library; tool/generate_audio_sfx.py,不适用（程序合成）,seed=2026092808; duration=0.820s; 44100Hz; mono; PCM16; target_peak=0.55; four warm harmonic rising notes,2026-09-28,项目自制合成；无第三方采样；未另发许可证,01f5e448422097703d98200477d6e2311ffd1f5fa91882714ed805aa11f6ace5,原件与运行时副本哈希一致
sfx.error,SFX,assets-src/audio/original/error.wav,app/assets/audio/error.wav,project-generated,Python standard library; tool/generate_audio_sfx.py,不适用（程序合成）,seed=2026092809; duration=0.240s; 44100Hz; mono; PCM16; target_peak=0.55; low soft thud + downward frequency sweep,2026-09-28,项目自制合成；无第三方采样；未另发许可证,bffffb579bf359e04535a1f8e2680a59e5010591b766a6053046a50693a0ae16,原件与运行时副本哈希一致
sfx.glance,SFX,assets-src/audio/original/glance.wav,app/assets/audio/glance.wav,project-generated,Python standard library; tool/generate_audio_sfx.py,不适用（程序合成）,seed=2026092810; duration=0.360s; 44100Hz; mono; PCM16; target_peak=0.55; two tiny ascending squeaks + soft rising tone,2026-09-28,项目自制合成；无第三方采样；未另发许可证,1fe8f3918274a478a72af6675368f5e27b43d84a805ebf0efa32a0cdae458b5b,原件与运行时副本哈希一致
bgm.sunny,BGM,assets-src/audio/original/Barefoot_on_the_Lawn.mp3,app/assets/audio/bgm_sunny.mp3,user-provided（用户自述：本人使用 AI 工具生成，2026-10-01）,用户 AI 生成（具体工具未登记，与用户美术素材同一来源管线）,未提供（用户自持，未登记明细）,MP3; 44100Hz; stereo; duration=177.498s; approx_avg_bitrate=191.7kbps; copied unchanged,未提供,用户自述拥有权利，条款与本人其他美术资源一致（2026-10-01）；具体生成工具条款未登记,1767083ae661ce1b219d5b3d8f46da6ec16154318f1007011bb154fe71ee6903,按标题暂映射晴朗；权利口径经用户 2026-10-01 确认
bgm.mist,BGM,assets-src/audio/original/Through_the_Orchard_Gate.mp3,app/assets/audio/bgm_mist.mp3,user-provided（用户自述：本人使用 AI 工具生成，2026-10-01）,用户 AI 生成（具体工具未登记，与用户美术素材同一来源管线）,未提供（用户自持，未登记明细）,MP3; 44100Hz; stereo; duration=182.521s; approx_avg_bitrate=191.7kbps; copied unchanged,未提供,用户自述拥有权利，条款与本人其他美术资源一致（2026-10-01）；具体生成工具条款未登记,322f8f1dd61bf843c12d5654f6a5b24cbe47b6b0709667493172b4c60414a684,按标题暂映射薄雾；权利口径经用户 2026-10-01 确认
bgm.night,BGM,assets-src/audio/original/Running_Toward_The_Horizon.mp3,app/assets/audio/bgm_night.mp3,user-provided（用户自述：本人使用 AI 工具生成，2026-10-01）,用户 AI 生成（具体工具未登记，与用户美术素材同一来源管线）,未提供（用户自持，未登记明细）,MP3; 44100Hz; stereo; duration=177.629s; approx_avg_bitrate=191.7kbps; copied unchanged,未提供,用户自述拥有权利，条款与本人其他美术资源一致（2026-10-01）；具体生成工具条款未登记,b75fac42544476ecf3762d0b82ab3a5fa69ccd2b6e0771658281e032bd54025b,按标题暂映射夜晚；权利口径经用户 2026-10-01 确认
